GEO_ID,NAME,S1903_C01_001E,S1903_C01_002E,S1903_C01_003E,S1903_C01_005E,S1903_C01_009E,S1903_C01_010E,S1903_C03_001E,S1903_C03_002E,S1903_C03_003E,S1903_C03_005E,S1903_C03_009E,S1903_C03_010E
Geography,Geographic Area Name,Estimate!!Number!!HOUSEHOLD INCOME BY RACE AND HISPANIC OR LATINO ORIGIN OF HOUSEHOLDER!!Households,Estimate!!Number!!HOUSEHOLD INCOME BY RACE AND HISPANIC OR LATINO ORIGIN OF HOUSEHOLDER!!Households!!One race--!!White,Estimate!!Number!!HOUSEHOLD INCOME BY RACE AND HISPANIC OR LATINO ORIGIN OF HOUSEHOLDER!!Households!!One race--!!Black or African American,Estimate!!Number!!HOUSEHOLD INCOME BY RACE AND HISPANIC OR LATINO ORIGIN OF HOUSEHOLDER!!Households!!One race--!!Asian,Estimate!!Number!!HOUSEHOLD INCOME BY RACE AND HISPANIC OR LATINO ORIGIN OF HOUSEHOLDER!!Households!!Hispanic or Latino origin (of any race),"Estimate!!Number!!HOUSEHOLD INCOME BY RACE AND HISPANIC OR LATINO ORIGIN OF HOUSEHOLDER!!Households!!White alone, not Hispanic or Latino",Estimate!!Median income (dollars)!!HOUSEHOLD INCOME BY RACE AND HISPANIC OR LATINO ORIGIN OF HOUSEHOLDER!!Households,Estimate!!Median income (dollars)!!HOUSEHOLD INCOME BY RACE AND HISPANIC OR LATINO ORIGIN OF HOUSEHOLDER!!Households!!One race--!!White,Estimate!!Median income (dollars)!!HOUSEHOLD INCOME BY RACE AND HISPANIC OR LATINO ORIGIN OF HOUSEHOLDER!!Households!!One race--!!Black or African American,Estimate!!Median income (dollars)!!HOUSEHOLD INCOME BY RACE AND HISPANIC OR LATINO ORIGIN OF HOUSEHOLDER!!Households!!One race--!!Asian,Estimate!!Median income (dollars)!!HOUSEHOLD INCOME BY RACE AND HISPANIC OR LATINO ORIGIN OF HOUSEHOLDER!!Households!!Hispanic or Latino origin (of any race),"Estimate!!Median income (dollars)!!HOUSEHOLD INCOME BY RACE AND HISPANIC OR LATINO ORIGIN OF HOUSEHOLDER!!Households!!White alone, not Hispanic or Latino"
1400000US48113000100,"Census Tract 1, Dallas County, Texas",1797,1441,188,63,94,1359,127625,153438,76667,-,61944,161573
1400000US48113000201,"Census Tract 2.01, Dallas County, Texas",1278,1225,33,12,38,1187,156000,163393,-,-,183250,163036
1400000US48113000202,"Census Tract 2.02, Dallas County, Texas",1850,1664,51,30,161,1555,123571,136563,61555,-,-,138594
1400000US48113000300,"Census Tract 3, Dallas County, Texas",2111,1873,22,19,224,1811,86741,88665,-,-,86149,88114
1400000US48113000401,"Census Tract 4.01, Dallas County, Texas",1781,1148,322,116,706,589,52347,51429,63633,49063,51714,50179
1400000US48113000405,"Census Tract 4.05, Dallas County, Texas",1290,708,502,33,315,419,41121,54931,35128,-,43042,69152
1400000US48113000407,"Census Tract 4.07, Dallas County, Texas",954,755,116,73,480,294,45987,42109,52826,-,41313,-
1400000US48113000408,"Census Tract 4.08, Dallas County, Texas",1480,1032,161,171,229,852,75807,76745,58688,80134,77344,76875
1400000US48113000409,"Census Tract 4.09, Dallas County, Texas",2270,986,243,571,493,776,58547,64153,-,36375,73651,63024
1400000US48113000410,"Census Tract 4.10, Dallas County, Texas",1541,1133,19,20,1171,331,39588,46575,-,-,-,-
1400000US48113000501,"Census Tract 5.01, Dallas County, Texas",1495,961,231,189,285,691,64387,54787,-,130409,53644,70163
1400000US48113000502,"Census Tract 5.02, Dallas County, Texas",1422,1354,30,22,30,1340,110363,110847,-,-,-,110565
1400000US48113000503,"Census Tract 5.03, Dallas County, Texas",1511,951,295,265,23,928,75924,84485,59323,96925,-,82794
1400000US48113000605,"Census Tract 6.05, Dallas County, Texas",1591,1165,34,186,216,1037,97448,100671,-,99224,-,105450
1400000US48113000606,"Census Tract 6.06, Dallas County, Texas",1883,1545,134,97,123,1462,117639,121535,66276,-,116382,122437
1400000US48113000607,"Census Tract 6.07, Dallas County, Texas",1453,1148,70,157,76,1086,90066,86083,-,103844,77679,88750
1400000US48113000608,"Census Tract 6.08, Dallas County, Texas",1624,992,59,345,236,960,109559,86490,-,"250,000+",-,87260
1400000US48113000609,"Census Tract 6.09, Dallas County, Texas",1035,703,147,78,155,548,75958,66023,110902,-,-,75417
1400000US48113000610,"Census Tract 6.10, Dallas County, Texas",1099,813,113,0,869,147,32293,56159,-,-,-,-
1400000US48113000611,"Census Tract 6.11, Dallas County, Texas",1384,851,417,91,189,687,53056,70469,46522,81382,65234,71451
1400000US48113000703,"Census Tract 7.03, Dallas County, Texas",1832,1541,16,262,200,1341,128388,128791,-,-,48814,136886
1400000US48113000704,"Census Tract 7.04, Dallas County, Texas",2259,1803,173,193,187,1659,107614,88990,138288,156094,114688,89119
1400000US48113000705,"Census Tract 7.05, Dallas County, Texas",1308,1155,46,73,220,959,80878,92961,-,-,54891,157891
1400000US48113000706,"Census Tract 7.06, Dallas County, Texas",1177,1107,70,0,37,1070,85721,86298,-,-,-,86122
1400000US48113000801,"Census Tract 8.01, Dallas County, Texas",1531,991,280,58,472,710,67568,77052,46544,-,53971,95068
1400000US48113000802,"Census Tract 8.02, Dallas County, Texas",1766,1175,284,80,443,922,70691,74250,58145,120417,65114,74400
1400000US48113000901,"Census Tract 9.01, Dallas County, Texas",1604,1446,34,67,259,1196,90096,88190,-,163063,110487,81630
1400000US48113000902,"Census Tract 9.02, Dallas County, Texas",1206,878,200,61,288,657,56765,55147,-,-,26731,70745
1400000US48113001001,"Census Tract 10.01, Dallas County, Texas",598,519,33,12,86,438,136000,163542,58036,-,61250,182059
1400000US48113001002,"Census Tract 10.02, Dallas County, Texas",959,705,15,48,192,590,115664,103641,-,201518,65625,120938
1400000US48113001101,"Census Tract 11.01, Dallas County, Texas",1955,1746,27,156,201,1571,115639,101105,-,133825,210619,97460
1400000US48113001102,"Census Tract 11.02, Dallas County, Texas",1351,1315,9,14,62,1253,136932,135795,-,-,155956,129844
1400000US48113001202,"Census Tract 12.02, Dallas County, Texas",2026,1310,458,82,633,844,62453,67750,65455,-,47352,102813
1400000US48113001203,"Census Tract 12.03, Dallas County, Texas",493,420,10,17,158,308,87188,86346,-,-,86250,93472
1400000US48113001204,"Census Tract 12.04, Dallas County, Texas",740,656,0,0,674,50,49583,49375,-,-,48750,65833
1400000US48113001301,"Census Tract 13.01, Dallas County, Texas",1575,1335,89,62,261,1163,62736,62601,22788,173942,-,67917
1400000US48113001302,"Census Tract 13.02, Dallas County, Texas",1296,1011,184,37,265,810,62222,76726,-,-,-,83085
1400000US48113001400,"Census Tract 14, Dallas County, Texas",1741,1179,330,110,670,670,50558,54323,36111,31196,45571,62931
1400000US48113001502,"Census Tract 15.02, Dallas County, Texas",1295,864,229,37,626,378,45450,45450,-,159464,45881,44444
1400000US48113001503,"Census Tract 15.03, Dallas County, Texas",1073,656,244,77,284,418,31205,36875,15227,-,39583,31111
1400000US48113001504,"Census Tract 15.04, Dallas County, Texas",1365,1032,220,77,488,554,57958,63323,47778,-,63741,55588
1400000US48113001601,"Census Tract 16.01, Dallas County, Texas",1176,503,498,29,135,416,34762,76979,19565,-,-,81607
1400000US48113001602,"Census Tract 16.02, Dallas County, Texas",1488,1032,262,168,75,983,115350,114211,-,118661,112212,116932
1400000US48113001703,"Census Tract 17.03, Dallas County, Texas",2227,1711,80,295,231,1534,110505,101454,149318,153599,-,103056
1400000US48113001705,"Census Tract 17.05, Dallas County, Texas",1842,1493,129,141,195,1347,103835,103896,58924,"250,000+",114375,103896
1400000US48113001801,"Census Tract 18.01, Dallas County, Texas",1696,1343,211,86,75,1268,64676,75481,54534,70545,90320,71875
1400000US48113001802,"Census Tract 18.02, Dallas County, Texas",2121,1673,88,261,206,1529,91740,91750,"2,500-",92250,63962,101012
1400000US48113001901,"Census Tract 19.01, Dallas County, Texas",2540,2169,23,219,387,1848,115503,115446,-,204779,-,116608
1400000US48113001902,"Census Tract 19.02, Dallas County, Texas",2875,2136,396,187,341,1874,95530,112898,58490,51683,108542,116103
1400000US48113002001,"Census Tract 20.01, Dallas County, Texas",1498,736,550,102,262,549,66250,84167,50208,-,54831,84323
1400000US48113002002,"Census Tract 20.02, Dallas County, Texas",1148,946,72,0,997,79,31724,35438,-,-,29969,-
1400000US48113002100,"Census Tract 21, Dallas County, Texas",1822,1095,450,129,163,992,82064,105529,63289,70469,80046,105769
1400000US48113002200,"Census Tract 22, Dallas County, Texas",1627,1106,278,152,269,859,68605,68708,-,70000,-,69835
1400000US48113002400,"Census Tract 24, Dallas County, Texas",960,789,31,41,682,208,48750,45651,56691,150733,52045,35909
1400000US48113002500,"Census Tract 25, Dallas County, Texas",1815,869,640,0,1054,111,46563,53835,14093,-,70089,-
1400000US48113002703,"Census Tract 27.03, Dallas County, Texas",2035,388,1589,26,433,13,34567,48227,24783,-,48068,-
1400000US48113003102,"Census Tract 31.02, Dallas County, Texas",797,651,92,20,71,621,99659,101250,113500,-,-,103042
1400000US48113003103,"Census Tract 31.03, Dallas County, Texas",1721,1132,357,57,290,961,75884,77222,52589,"2,500-",113000,78188
1400000US48113003700,"Census Tract 37, Dallas County, Texas",1090,315,775,0,239,85,31736,-,25348,-,33927,71832
1400000US48113004201,"Census Tract 42.01, Dallas County, Texas",1719,1420,119,11,764,826,69398,82059,42361,-,45288,150903
1400000US48113004202,"Census Tract 42.02, Dallas County, Texas",909,758,12,50,393,433,69961,76000,-,-,33348,130781
1400000US48113004300,"Census Tract 43, Dallas County, Texas",1821,1014,458,37,657,579,57036,65655,53654,188036,56020,68173
1400000US48113004400,"Census Tract 44, Dallas County, Texas",1705,1453,147,10,284,1239,128750,143320,97950,-,67143,175750
1400000US48113004500,"Census Tract 45, Dallas County, Texas",1828,1365,136,22,1078,597,56791,67723,99122,-,43763,137750
1400000US48113004600,"Census Tract 46, Dallas County, Texas",916,627,174,8,180,511,68828,95750,-,-,71827,96750
1400000US48113004700,"Census Tract 47, Dallas County, Texas",833,676,22,0,660,151,51490,44145,-,-,55156,50089
1400000US48113004800,"Census Tract 48, Dallas County, Texas",836,672,14,5,764,29,46087,45978,-,-,46848,47639
1400000US48113005000,"Census Tract 50, Dallas County, Texas",1177,726,68,0,938,171,44507,46218,-,-,46492,16168
1400000US48113005100,"Census Tract 51, Dallas County, Texas",802,678,7,0,657,114,53362,53382,-,-,50375,65000
1400000US48113005200,"Census Tract 52, Dallas County, Texas",1440,1170,109,0,868,430,82353,75250,-,-,59500,96107
1400000US48113005300,"Census Tract 53, Dallas County, Texas",2273,1872,33,27,1742,467,46473,37578,-,-,46518,-
1400000US48113005400,"Census Tract 54, Dallas County, Texas",1777,785,724,68,719,144,41202,56908,40149,-,46595,196591
1400000US48113005500,"Census Tract 55, Dallas County, Texas",1438,392,835,0,535,89,51591,55263,49068,-,55280,53558
1400000US48113005600,"Census Tract 56, Dallas County, Texas",1813,1181,468,0,1295,32,48329,48918,26282,-,50964,-
1400000US48113005700,"Census Tract 57, Dallas County, Texas",1958,510,1345,26,543,46,32143,32288,31635,-,33512,26912
1400000US48113005901,"Census Tract 59.01, Dallas County, Texas",1920,428,1322,0,575,20,35421,37379,33694,-,36915,-
1400000US48113005902,"Census Tract 59.02, Dallas County, Texas",1660,244,1349,0,219,92,32500,59151,26814,-,65614,58255
1400000US48113006001,"Census Tract 60.01, Dallas County, Texas",1173,918,123,0,991,51,49411,49260,-,-,51394,46845
1400000US48113006002,"Census Tract 60.02, Dallas County, Texas",2124,506,1324,46,493,257,29024,24250,29329,-,35393,21624
1400000US48113006100,"Census Tract 61, Dallas County, Texas",1574,674,785,0,553,224,41667,47381,24188,-,52850,71429
1400000US48113006200,"Census Tract 62, Dallas County, Texas",2318,1077,1033,18,862,391,43304,69281,23639,-,67419,109219
1400000US48113006301,"Census Tract 63.01, Dallas County, Texas",1851,1196,336,0,1357,151,59588,65725,44882,-,62917,82614
1400000US48113006302,"Census Tract 63.02, Dallas County, Texas",1530,1081,79,0,1049,402,61184,66025,112964,-,50186,109063
1400000US48113006401,"Census Tract 64.01, Dallas County, Texas",884,576,6,0,802,76,55588,50089,-,-,55333,56250
1400000US48113006402,"Census Tract 64.02, Dallas County, Texas",1481,1176,12,0,1350,109,41160,37589,-,-,41386,-
1400000US48113006501,"Census Tract 65.01, Dallas County, Texas",1558,1228,29,9,1382,138,55745,46607,-,-,56515,-
1400000US48113006502,"Census Tract 65.02, Dallas County, Texas",1064,821,12,0,922,108,57917,62723,-,-,63036,43750
1400000US48113006701,"Census Tract 67.01, Dallas County, Texas",1508,954,26,0,1417,65,45719,36091,-,-,45709,-
1400000US48113006702,"Census Tract 67.02, Dallas County, Texas",761,586,0,0,649,86,43977,41304,-,-,45225,41875
1400000US48113006800,"Census Tract 68, Dallas County, Texas",2039,1453,214,0,1301,524,47098,48866,-,-,43841,88095
1400000US48113006900,"Census Tract 69, Dallas County, Texas",1320,882,276,0,833,203,51200,67500,-,-,51417,94047
1400000US48113007101,"Census Tract 71.01, Dallas County, Texas",1113,1048,26,23,115,933,112546,114444,-,-,-,122543
1400000US48113007102,"Census Tract 71.02, Dallas County, Texas",2493,1494,739,75,607,1027,55662,69020,36755,-,52775,107375
1400000US48113007203,"Census Tract 72.03, Dallas County, Texas",1217,798,292,0,823,106,36250,45484,35947,-,45121,50100
1400000US48113007204,"Census Tract 72.04, Dallas County, Texas",1455,1017,128,0,1192,135,33011,27733,46176,-,31786,22740
1400000US48113007205,"Census Tract 72.05, Dallas County, Texas",1666,1134,131,0,1518,96,36945,43736,-,-,37226,34000
1400000US48113007206,"Census Tract 72.06, Dallas County, Texas",1064,781,15,0,895,154,33065,38024,-,-,30707,37984
1400000US48113007301,"Census Tract 73.01, Dallas County, Texas",684,669,0,0,8,661,208611,208542,-,-,-,208681
1400000US48113007302,"Census Tract 73.02, Dallas County, Texas",1664,1532,73,32,230,1302,128065,128226,104866,-,51818,140000
1400000US48113007601,"Census Tract 76.01, Dallas County, Texas",786,737,0,34,71,670,142857,139135,-,-,68958,144464
1400000US48113007604,"Census Tract 76.04, Dallas County, Texas",1062,982,0,71,21,961,"250,000+",239318,-,"250,000+",-,238750
1400000US48113007605,"Census Tract 76.05, Dallas County, Texas",792,721,0,45,29,692,161875,161797,-,"250,000+",-,162344
1400000US48113007701,"Census Tract 77.01, Dallas County, Texas",1286,1266,0,20,50,1216,62167,60500,-,-,-,60333
1400000US48113007702,"Census Tract 77.02, Dallas County, Texas",1570,1483,0,24,48,1435,94453,93164,-,-,-,110030
1400000US48113007801,"Census Tract 78.01, Dallas County, Texas",1353,1250,32,28,52,1198,79121,79656,-,-,-,79771
1400000US48113007805,"Census Tract 78.05, Dallas County, Texas",1358,923,351,0,167,804,52500,69840,13125,-,121484,67692
1400000US48113007809,"Census Tract 78.09, Dallas County, Texas",1631,1060,356,87,270,886,70462,77339,-,-,87731,77097
1400000US48113007810,"Census Tract 78.10, Dallas County, Texas",1914,1103,497,165,194,1007,59672,131391,43523,40683,46528,132238
1400000US48113007812,"Census Tract 78.12, Dallas County, Texas",1103,1037,30,36,84,953,184093,183125,"250,000+",-,171121,183770
1400000US48113007815,"Census Tract 78.15, Dallas County, Texas",1930,464,764,475,327,252,37852,42188,35000,41393,39531,36500
1400000US48113007819,"Census Tract 78.19, Dallas County, Texas",1227,516,491,56,343,349,35297,38821,31604,-,27122,39828
1400000US48113007821,"Census Tract 78.21, Dallas County, Texas",1626,598,545,163,601,260,37006,48269,33194,36350,36693,58571
1400000US48113007822,"Census Tract 78.22, Dallas County, Texas",1038,670,230,47,180,568,72609,74674,72000,56250,72250,80435
1400000US48113007823,"Census Tract 78.23, Dallas County, Texas",900,464,241,50,335,210,52049,43222,58073,-,42050,47292
1400000US48113007824,"Census Tract 78.24, Dallas County, Texas",772,681,10,7,89,666,178108,180060,-,-,134003,179527
1400000US48113007825,"Census Tract 78.25, Dallas County, Texas",2571,1362,754,94,739,1020,51780,73859,31869,-,50113,96125
1400000US48113007826,"Census Tract 78.26, Dallas County, Texas",879,490,286,44,193,338,44813,62500,43600,162708,47708,57027
1400000US48113007827,"Census Tract 78.27, Dallas County, Texas",1453,673,523,0,327,477,39846,38423,40473,-,37031,39851
1400000US48113007828,"Census Tract 78.28, Dallas County, Texas",2456,679,1508,152,261,468,55153,52629,60588,55185,47125,52845
1400000US48113007829,"Census Tract 78.29, Dallas County, Texas",998,165,744,20,113,121,48700,54760,48750,-,-,59181
1400000US48113007830,"Census Tract 78.30, Dallas County, Texas",1106,659,188,60,465,354,31173,32076,-,-,31250,32239
1400000US48113007831,"Census Tract 78.31, Dallas County, Texas",1213,486,546,68,317,262,31186,30775,38160,-,24980,30352
1400000US48113007832,"Census Tract 78.32, Dallas County, Texas",1230,507,233,247,538,212,27436,24135,25823,-,35192,24138
1400000US48113007833,"Census Tract 78.33, Dallas County, Texas",1093,304,408,0,416,167,36381,36371,38149,-,24861,36164
1400000US48113007834,"Census Tract 78.34, Dallas County, Texas",1520,471,923,0,277,288,33727,46048,25781,-,44449,45354
1400000US48113007835,"Census Tract 78.35, Dallas County, Texas",1550,774,643,0,284,545,44000,51250,36946,-,42143,71222
1400000US48113007902,"Census Tract 79.02, Dallas County, Texas",2542,2272,124,47,184,2172,79176,86389,-,-,66875,100405
1400000US48113007903,"Census Tract 79.03, Dallas County, Texas",997,909,32,28,64,854,100590,101769,-,60833,123804,101085
1400000US48113007906,"Census Tract 79.06, Dallas County, Texas",989,974,8,7,0,974,188456,189559,-,-,-,189559
1400000US48113007909,"Census Tract 79.09, Dallas County, Texas",1428,686,219,360,197,582,61121,57903,97903,71429,63427,54191
1400000US48113007910,"Census Tract 79.10, Dallas County, Texas",2003,1209,223,221,269,1128,55253,59832,55168,56875,24143,60441
1400000US48113007912,"Census Tract 79.12, Dallas County, Texas",1126,795,86,123,93,760,67813,66806,94079,-,107531,70625
1400000US48113007913,"Census Tract 79.13, Dallas County, Texas",1821,1509,143,67,156,1416,78750,79291,-,53906,68056,79189
1400000US48113007914,"Census Tract 79.14, Dallas County, Texas",1859,1407,138,302,149,1270,61250,67557,106225,-,-,67212
1400000US48113007915,"Census Tract 79.15, Dallas County, Texas",1085,788,57,65,229,690,64235,72788,-,-,63707,65652
1400000US48113007916,"Census Tract 79.16, Dallas County, Texas",829,547,38,225,47,519,86487,86573,-,-,73355,87177
1400000US48113008000,"Census Tract 80, Dallas County, Texas",2650,2454,29,135,80,2374,211149,212162,-,138359,114375,217500
1400000US48113008101,"Census Tract 81.01, Dallas County, Texas",1207,1016,72,25,215,827,71384,65313,60761,-,58533,67383
1400000US48113008102,"Census Tract 81.02, Dallas County, Texas",1818,1645,72,0,291,1420,138426,137132,-,-,151063,138333
1400000US48113008200,"Census Tract 82, Dallas County, Texas",1472,1159,172,83,264,936,73912,79135,49817,-,47355,85833
1400000US48113008401,"Census Tract 84.01, Dallas County, Texas",1673,1274,0,0,1239,419,46177,38000,-,-,46367,-
1400000US48113008402,"Census Tract 84.02, Dallas County, Texas",1184,1038,91,0,824,239,46975,46759,70723,-,52723,-
1400000US48113008500,"Census Tract 85, Dallas County, Texas",1197,866,228,15,695,254,47431,46806,-,-,42986,60673
1400000US48113008604,"Census Tract 86.04, Dallas County, Texas",1160,205,880,0,251,29,27944,37039,20588,-,-,-
1400000US48113008701,"Census Tract 87.01, Dallas County, Texas",2016,146,1752,0,163,48,21682,-,21481,-,60046,-
1400000US48113008703,"Census Tract 87.03, Dallas County, Texas",1020,358,518,0,404,78,29133,39022,29138,-,22063,76125
1400000US48113008704,"Census Tract 87.04, Dallas County, Texas",1691,143,1523,0,168,0,15805,50848,14685,-,47286,-
1400000US48113008705,"Census Tract 87.05, Dallas County, Texas",510,62,336,0,153,14,35846,-,41667,-,29554,-
1400000US48113008801,"Census Tract 88.01, Dallas County, Texas",1151,107,973,0,99,46,27827,-,24176,-,101513,-
1400000US48113008802,"Census Tract 88.02, Dallas County, Texas",1762,221,1397,0,381,9,26743,28257,22817,-,36719,-
1400000US48113009001,"Census Tract 90.01, Dallas County, Texas",1695,782,417,0,1128,150,50984,48793,45898,-,52676,46944
1400000US48113009002,"Census Tract 90.02, Dallas County, Texas",1388,856,298,30,825,234,37757,39063,-,-,38208,43553
1400000US48113009101,"Census Tract 91.01, Dallas County, Texas",1951,1012,470,0,1172,286,48094,49706,-,-,53182,48873
1400000US48113009103,"Census Tract 91.03, Dallas County, Texas",1033,619,349,0,608,70,35063,31847,41650,-,31989,27083
1400000US48113009104,"Census Tract 91.04, Dallas County, Texas",1037,609,172,0,752,113,67872,68789,68000,-,70136,37813
1400000US48113009105,"Census Tract 91.05, Dallas County, Texas",1050,616,266,0,606,122,40383,31978,-,-,42255,31167
1400000US48113009202,"Census Tract 92.02, Dallas County, Texas",1587,1119,261,0,1204,122,41353,41339,31211,-,43028,37969
1400000US48113009203,"Census Tract 92.03, Dallas County, Texas",1170,772,72,0,956,142,53446,53934,35648,-,54769,-
1400000US48113009204,"Census Tract 92.04, Dallas County, Texas",815,602,157,0,422,233,35498,36331,21330,-,38500,34904
1400000US48113009301,"Census Tract 93.01, Dallas County, Texas",1315,944,173,0,1074,68,44933,50938,"2,500-",-,48889,48333
1400000US48113009303,"Census Tract 93.03, Dallas County, Texas",993,690,225,0,756,21,42956,43581,-,-,43818,-
1400000US48113009304,"Census Tract 93.04, Dallas County, Texas",2543,580,1776,0,701,66,23969,28000,-,-,32361,26912
1400000US48113009401,"Census Tract 94.01, Dallas County, Texas",1416,1021,98,28,583,673,73403,85787,"2,500-",-,56098,99115
1400000US48113009402,"Census Tract 94.02, Dallas County, Texas",1125,1064,0,17,37,1034,163274,163095,-,-,120521,164048
1400000US48113009500,"Census Tract 95, Dallas County, Texas",835,742,14,46,50,698,162656,162500,-,-,177083,161786
1400000US48113009603,"Census Tract 96.03, Dallas County, Texas",2015,1577,71,91,310,1471,129306,156406,71313,129306,64421,160917
1400000US48113009604,"Census Tract 96.04, Dallas County, Texas",2272,1837,360,0,369,1543,52550,58503,-,-,46645,68953
1400000US48113009605,"Census Tract 96.05, Dallas County, Texas",1070,751,80,39,604,340,61971,51793,74018,91250,62589,39483
1400000US48113009607,"Census Tract 96.07, Dallas County, Texas",1234,1136,23,38,397,787,119619,125990,-,94167,102471,125964
1400000US48113009608,"Census Tract 96.08, Dallas County, Texas",1105,1008,36,35,197,837,109588,109972,-,114125,-,118750
1400000US48113009609,"Census Tract 96.09, Dallas County, Texas",1269,1103,37,79,53,1068,149327,154290,-,-,204659,154261
1400000US48113009610,"Census Tract 96.10, Dallas County, Texas",1256,941,25,0,1072,140,45797,48831,-,-,46377,49000
1400000US48113009611,"Census Tract 96.11, Dallas County, Texas",1327,1113,68,60,621,578,88750,81125,"250,000+",50556,64801,101964
1400000US48113009701,"Census Tract 97.01, Dallas County, Texas",1520,1062,28,38,899,512,73839,73482,-,-,51483,105915
1400000US48113009702,"Census Tract 97.02, Dallas County, Texas",1216,1096,0,42,206,955,111429,110714,-,-,80061,129306
1400000US48113009802,"Census Tract 98.02, Dallas County, Texas",1862,1316,47,28,1490,297,48094,42763,73750,-,48082,44896
1400000US48113009803,"Census Tract 98.03, Dallas County, Texas",724,571,60,0,387,270,66343,66101,-,-,66174,74107
1400000US48113009804,"Census Tract 98.04, Dallas County, Texas",2343,1757,64,18,2073,171,38309,38872,9464,-,39362,33516
1400000US48113009900,"Census Tract 99, Dallas County, Texas",2706,922,690,756,583,550,75352,76901,65545,88273,65069,97115
1400000US48113010001,"Census Tract 100.01, Dallas County, Texas",941,356,417,67,187,230,35172,35712,22604,-,36289,36228
1400000US48113010002,"Census Tract 100.02, Dallas County, Texas",0,0,0,0,0,0,-,-,-,-,-,-
1400000US48113010003,"Census Tract 100.03, Dallas County, Texas",1991,1451,322,93,275,1239,84306,90951,63654,93875,78319,91984
1400000US48113010101,"Census Tract 101.01, Dallas County, Texas",1279,545,547,7,683,42,35417,47754,32788,-,38977,-
1400000US48113010102,"Census Tract 101.02, Dallas County, Texas",886,594,60,0,772,54,48295,51129,48276,-,48275,-
1400000US48113010500,"Census Tract 105, Dallas County, Texas",839,463,322,0,513,14,43698,42139,-,-,42760,-
1400000US48113010601,"Census Tract 106.01, Dallas County, Texas",1484,1109,37,0,1341,113,58125,54943,-,-,62125,70139
1400000US48113010602,"Census Tract 106.02, Dallas County, Texas",828,461,303,14,422,89,29889,47614,20458,-,49091,-
1400000US48113010701,"Census Tract 107.01, Dallas County, Texas",1838,1090,375,18,1213,118,48404,48833,-,-,43036,58654
1400000US48113010704,"Census Tract 107.04, Dallas County, Texas",1770,812,637,39,1006,101,39167,46375,27750,-,54896,52031
1400000US48113010804,"Census Tract 108.04, Dallas County, Texas",1631,812,749,0,817,73,31483,42616,25389,-,43794,22634
1400000US48113010805,"Census Tract 108.05, Dallas County, Texas",1650,778,613,35,881,98,50769,55726,35408,-,54345,71607
1400000US48113010806,"Census Tract 108.06, Dallas County, Texas",1393,747,414,16,438,525,90511,95424,98214,-,64605,77238
1400000US48113010807,"Census Tract 108.07, Dallas County, Texas",1355,438,736,0,439,180,40458,32537,46250,-,37232,-
1400000US48113010808,"Census Tract 108.08, Dallas County, Texas",1225,867,338,0,670,217,37215,44757,24500,-,56293,38540
1400000US48113010809,"Census Tract 108.09, Dallas County, Texas",1869,1182,578,30,1023,238,40213,59805,30556,-,64082,34083
1400000US48113010903,"Census Tract 109.03, Dallas County, Texas",1867,301,1254,0,438,95,32676,39484,24903,-,39271,48047
1400000US48113010904,"Census Tract 109.04, Dallas County, Texas",1769,295,1345,0,289,89,35353,41012,34563,-,38659,-
1400000US48113010905,"Census Tract 109.05, Dallas County, Texas",1460,72,1388,0,55,46,23966,-,27069,-,-,"2,500-"
1400000US48113010906,"Census Tract 109.06, Dallas County, Texas",1504,153,1175,54,252,23,44863,58083,44263,-,55000,-
1400000US48113011002,"Census Tract 110.02, Dallas County, Texas",1447,216,1170,0,168,104,52390,43485,62727,-,44924,47500
1400000US48113011003,"Census Tract 110.03, Dallas County, Texas",1873,386,1429,0,176,268,55765,-,41696,-,-,93721
1400000US48113011004,"Census Tract 110.04, Dallas County, Texas",1083,137,892,0,110,81,48311,64844,44886,-,-,95590
1400000US48113011101,"Census Tract 111.01, Dallas County, Texas",1669,328,1298,0,137,234,67122,68529,58214,-,68750,78302
1400000US48113011103,"Census Tract 111.03, Dallas County, Texas",1210,517,560,22,457,193,35811,44258,33387,-,32847,-
1400000US48113011104,"Census Tract 111.04, Dallas County, Texas",1586,270,1239,0,310,37,29910,34269,29462,-,33654,47981
1400000US48113011105,"Census Tract 111.05, Dallas County, Texas",1744,335,1258,0,467,19,40093,44116,41204,-,37986,-
1400000US48113011201,"Census Tract 112.01, Dallas County, Texas",1472,237,1184,0,181,107,52434,39830,52804,-,54142,-
1400000US48113011202,"Census Tract 112.02, Dallas County, Texas",1041,191,796,0,136,55,41917,-,38598,-,-,-
1400000US48113011300,"Census Tract 113, Dallas County, Texas",2030,135,1802,0,187,20,41607,88765,36042,-,88704,-
1400000US48113011401,"Census Tract 114.01, Dallas County, Texas",1809,189,1506,0,158,56,24110,35625,21424,-,-,46000
1400000US48113011500,"Census Tract 115, Dallas County, Texas",1396,498,516,0,808,57,24105,36065,19198,-,25042,32569
1400000US48113011601,"Census Tract 116.01, Dallas County, Texas",1365,560,696,0,615,54,35407,37664,30673,-,39160,35625
1400000US48113011603,"Census Tract 116.03, Dallas County, Texas",843,600,90,15,615,123,53493,56484,28724,-,56358,54205
1400000US48113011604,"Census Tract 116.04, Dallas County, Texas",1012,552,299,0,620,93,59141,59141,52025,-,74250,43882
1400000US48113011701,"Census Tract 117.01, Dallas County, Texas",2051,1109,633,0,1207,203,40168,41933,20572,-,43961,29434
1400000US48113011702,"Census Tract 117.02, Dallas County, Texas",1563,1034,153,59,1081,257,48188,52045,22181,-,49659,51705
1400000US48113011801,"Census Tract 118.01, Dallas County, Texas",1440,742,623,0,675,142,41197,40779,34491,-,42019,41324
1400000US48113011802,"Census Tract 118.02, Dallas County, Texas",1092,837,88,0,952,34,52467,52481,-,-,55183,-
1400000US48113011901,"Census Tract 119.01, Dallas County, Texas",1137,692,305,0,660,160,49099,53922,50481,-,48525,53235
1400000US48113011902,"Census Tract 119.02, Dallas County, Texas",1217,670,449,0,639,157,52546,43514,86421,-,51703,-
1400000US48113012000,"Census Tract 120, Dallas County, Texas",3147,1486,1207,13,1682,208,34959,38711,29129,-,41794,25341
1400000US48113012101,"Census Tract 121.01, Dallas County, Texas",914,303,611,0,231,72,31023,26920,32813,-,31985,-
1400000US48113012102,"Census Tract 121.02, Dallas County, Texas",903,401,423,25,376,70,45425,39954,45785,-,62692,30119
1400000US48113012206,"Census Tract 122.06, Dallas County, Texas",1966,931,942,31,507,471,72873,82841,70063,-,68036,87386
1400000US48113012207,"Census Tract 122.07, Dallas County, Texas",2688,976,1454,39,936,253,46220,52241,45198,-,42552,63224
1400000US48113012208,"Census Tract 122.08, Dallas County, Texas",1093,463,551,0,460,60,22951,31652,16554,-,36500,24375
1400000US48113012209,"Census Tract 122.09, Dallas County, Texas",1074,713,293,20,206,565,81053,85647,58029,86071,58542,100956
1400000US48113012210,"Census Tract 122.10, Dallas County, Texas",2100,820,1145,19,405,522,32802,39375,28429,-,51042,53088
1400000US48113012211,"Census Tract 122.11, Dallas County, Texas",1998,832,928,29,674,355,35433,37714,32132,-,40125,31621
1400000US48113012212,"Census Tract 122.12, Dallas County, Texas",1703,1130,246,0,986,471,58691,55787,-,-,57361,82137
1400000US48113012213,"Census Tract 122.13, Dallas County, Texas",970,896,41,0,199,715,84464,80882,-,-,91628,75997
1400000US48113012301,"Census Tract 123.01, Dallas County, Texas",1588,1158,203,12,904,452,58879,62688,41573,-,60313,75682
1400000US48113012302,"Census Tract 123.02, Dallas County, Texas",2778,1334,1142,114,933,544,35480,45313,26397,22292,41164,55655
1400000US48113012400,"Census Tract 124, Dallas County, Texas",2235,1972,26,0,812,1317,53503,53684,-,-,53769,52614
1400000US48113012501,"Census Tract 125.01, Dallas County, Texas",1082,856,0,24,674,384,63457,58438,-,-,63583,59563
1400000US48113012502,"Census Tract 125.02, Dallas County, Texas",1141,1027,39,0,591,501,41541,40398,-,-,40250,41223
1400000US48113012601,"Census Tract 126.01, Dallas County, Texas",1854,868,313,131,1035,322,43495,56667,30903,-,44093,79659
1400000US48113012603,"Census Tract 126.03, Dallas County, Texas",592,443,25,3,287,290,64457,71932,-,-,60188,85972
1400000US48113012604,"Census Tract 126.04, Dallas County, Texas",2707,1396,862,45,1051,749,43727,50078,27152,-,65422,49056
1400000US48113012701,"Census Tract 127.01, Dallas County, Texas",1941,1244,171,62,1127,571,44858,48093,17235,-,44375,47853
1400000US48113012702,"Census Tract 127.02, Dallas County, Texas",1034,832,78,0,488,459,55234,44375,80139,-,57188,41250
1400000US48113012801,"Census Tract 128.01, Dallas County, Texas",1077,1028,0,12,371,689,68727,68176,-,-,68412,72974
1400000US48113012802,"Census Tract 128.02, Dallas County, Texas",2192,1930,113,0,627,1443,87500,88092,-,-,58317,89836
1400000US48113012900,"Census Tract 129, Dallas County, Texas",2060,1793,44,12,311,1592,105719,99875,-,-,-,106591
1400000US48113013005,"Census Tract 130.05, Dallas County, Texas",1715,1533,57,114,61,1483,111114,106367,133789,-,115260,102656
1400000US48113013007,"Census Tract 130.07, Dallas County, Texas",1352,867,131,137,292,703,83163,94135,18701,109375,110700,84923
1400000US48113013008,"Census Tract 130.08, Dallas County, Texas",1253,939,93,100,185,829,109132,135240,53781,-,48641,148250
1400000US48113013009,"Census Tract 130.09, Dallas County, Texas",1665,1000,520,37,212,891,87091,145139,32125,57875,63750,155469
1400000US48113013010,"Census Tract 130.10, Dallas County, Texas",2493,1111,970,68,983,493,36703,34870,31462,-,42679,35893
1400000US48113013011,"Census Tract 130.11, Dallas County, Texas",1792,725,688,40,882,193,36250,37670,33935,70000,47702,31343
1400000US48113013012,"Census Tract 130.12, Dallas County, Texas",1147,1077,38,0,111,966,95547,105893,-,-,-,130641
1400000US48113013013,"Census Tract 130.13, Dallas County, Texas",1586,1558,19,0,17,1541,173056,161750,-,-,-,152356
1400000US48113013101,"Census Tract 131.01, Dallas County, Texas",1190,1149,7,24,37,1112,150068,150574,-,-,"250,000+",147727
1400000US48113013102,"Census Tract 131.02, Dallas County, Texas",893,850,0,4,0,850,152212,165000,-,-,-,165000
1400000US48113013104,"Census Tract 131.04, Dallas County, Texas",939,776,116,21,55,744,135331,135550,110395,-,64250,135833
1400000US48113013106,"Census Tract 131.06, Dallas County, Texas",967,740,62,78,84,703,56161,57143,-,95469,30603,61289
1400000US48113013107,"Census Tract 131.07, Dallas County, Texas",2891,1763,863,75,554,1331,43662,37121,46498,-,42733,36732
1400000US48113013201,"Census Tract 132.01, Dallas County, Texas",1108,921,106,0,44,888,141522,181893,-,-,-,198611
1400000US48113013202,"Census Tract 132.02, Dallas County, Texas",2979,1854,855,139,263,1706,76266,79500,75864,-,85574,83750
1400000US48113013300,"Census Tract 133, Dallas County, Texas",694,639,0,41,12,627,"250,000+","250,000+",-,"250,000+",-,"250,000+"
1400000US48113013400,"Census Tract 134, Dallas County, Texas",661,565,7,70,6,559,217371,227396,-,60625,-,234063
1400000US48113013500,"Census Tract 135, Dallas County, Texas",900,811,0,63,4,807,237692,233125,-,169803,-,238125
1400000US48113013605,"Census Tract 136.05, Dallas County, Texas",1871,1767,0,59,101,1691,135774,138477,-,-,186442,138867
1400000US48113013606,"Census Tract 136.06, Dallas County, Texas",2543,1495,203,116,672,1410,74803,117906,57860,54250,62821,119125
1400000US48113013607,"Census Tract 136.07, Dallas County, Texas",1442,1169,101,21,192,1120,97075,133393,-,-,96604,133571
1400000US48113013608,"Census Tract 136.08, Dallas County, Texas",908,866,15,27,8,858,143977,144868,-,-,-,144342
1400000US48113013609,"Census Tract 136.09, Dallas County, Texas",1137,595,124,16,467,499,78317,137917,-,-,45335,157266
1400000US48113013610,"Census Tract 136.10, Dallas County, Texas",1609,978,91,57,599,801,111653,130854,83365,-,60536,142639
1400000US48113013611,"Census Tract 136.11, Dallas County, Texas",1305,1102,45,62,20,1090,121528,107143,-,245192,-,106429
1400000US48113013615,"Census Tract 136.15, Dallas County, Texas",2412,668,1041,0,820,488,40731,42407,35625,-,37120,42136
1400000US48113013617,"Census Tract 136.17, Dallas County, Texas",1203,932,92,30,130,846,109875,150000,35479,-,120568,151786
1400000US48113013618,"Census Tract 136.18, Dallas County, Texas",1145,723,57,165,188,672,98063,122708,33594,-,45000,130500
1400000US48113013619,"Census Tract 136.19, Dallas County, Texas",1870,1576,66,109,147,1503,130054,139125,-,137880,-,145547
1400000US48113013620,"Census Tract 136.20, Dallas County, Texas",3989,2234,947,329,523,1971,76100,75159,87069,41768,-,74738
1400000US48113013621,"Census Tract 136.21, Dallas County, Texas",2228,1079,596,92,423,992,62394,60080,65909,95053,51950,61809
1400000US48113013622,"Census Tract 136.22, Dallas County, Texas",1732,925,386,29,374,829,60833,84205,43884,78472,54914,84508
1400000US48113013624,"Census Tract 136.24, Dallas County, Texas",2492,945,633,323,521,775,79000,81139,53994,88466,75096,79673
1400000US48113013625,"Census Tract 136.25, Dallas County, Texas",1403,495,428,83,471,341,55664,37355,58839,74628,51991,35320
1400000US48113013626,"Census Tract 136.26, Dallas County, Texas",1511,486,278,134,497,417,66719,71290,76786,76667,33906,72460
1400000US48113013627,"Census Tract 136.27, Dallas County, Texas",752,480,88,16,155,396,63500,67241,-,-,-,65172
1400000US48113013628,"Census Tract 136.28, Dallas County, Texas",3208,1861,361,425,629,1628,72263,80859,65534,112731,58906,77841
1400000US48113013629,"Census Tract 136.29, Dallas County, Texas",1122,592,220,12,395,460,41350,39500,41667,-,49272,32917
1400000US48113013630,"Census Tract 136.30, Dallas County, Texas",1495,602,526,68,307,551,56115,47206,65789,-,-,48080
1400000US48113013631,"Census Tract 136.31, Dallas County, Texas",729,154,259,38,307,125,45756,48500,37434,-,47138,48542
1400000US48113013715,"Census Tract 137.15, Dallas County, Texas",776,537,34,42,485,204,84875,75972,-,-,86165,84750
1400000US48113013716,"Census Tract 137.16, Dallas County, Texas",1838,1398,132,214,598,876,76400,76333,101371,-,50750,100726
1400000US48113013717,"Census Tract 137.17, Dallas County, Texas",983,805,13,86,629,255,50744,50994,-,-,34120,97159
1400000US48113013718,"Census Tract 137.18, Dallas County, Texas",1339,1078,183,25,870,245,54728,53261,65179,-,53478,49961
1400000US48113013719,"Census Tract 137.19, Dallas County, Texas",2081,877,317,765,299,633,56074,81125,54191,32629,63984,104821
1400000US48113013720,"Census Tract 137.20, Dallas County, Texas",2227,1656,265,215,913,825,73590,77604,43819,48807,73717,89632
1400000US48113013721,"Census Tract 137.21, Dallas County, Texas",2390,1883,176,175,434,1539,112703,113750,98947,-,107852,125871
1400000US48113013722,"Census Tract 137.22, Dallas County, Texas",2364,1388,677,125,549,935,69524,74716,57177,98045,71458,74290
1400000US48113013725,"Census Tract 137.25, Dallas County, Texas",2191,1524,515,55,473,1128,47566,47266,46750,53622,48854,46860
1400000US48113013726,"Census Tract 137.26, Dallas County, Texas",1323,966,68,110,288,775,75755,78125,100536,75417,46169,100096
1400000US48113013727,"Census Tract 137.27, Dallas County, Texas",1759,1015,343,168,296,870,80529,95242,43679,104088,63026,95794
1400000US48113013728,"Census Tract 137.28, Dallas County, Texas",1791,1404,99,67,1152,473,52806,53523,-,87321,50653,65703
1400000US48113013729,"Census Tract 137.29, Dallas County, Texas",2510,1691,223,32,1733,489,66147,61336,72598,-,62457,74766
1400000US48113013804,"Census Tract 138.04, Dallas County, Texas",1359,1074,61,47,347,869,70199,71648,-,-,68299,74904
1400000US48113013805,"Census Tract 138.05, Dallas County, Texas",1970,924,392,193,479,742,59600,75026,52679,-,49018,76122
1400000US48113013806,"Census Tract 138.06, Dallas County, Texas",2415,1206,375,387,547,918,80540,77569,65324,118625,61629,81200
1400000US48113013807,"Census Tract 138.07, Dallas County, Texas",1249,1184,0,20,395,796,98393,97262,-,-,-,101402
1400000US48113013808,"Census Tract 138.08, Dallas County, Texas",1606,1192,78,174,211,1079,90588,91029,-,-,-,108363
1400000US48113013901,"Census Tract 139.01, Dallas County, Texas",1358,1067,22,10,1010,302,58958,48693,-,-,60589,46667
1400000US48113013902,"Census Tract 139.02, Dallas County, Texas",1632,1425,22,41,728,831,73750,80536,-,-,67500,73839
1400000US48113014001,"Census Tract 140.01, Dallas County, Texas",2040,1699,111,162,421,1312,85508,83828,-,105081,-,95750
1400000US48113014002,"Census Tract 140.02, Dallas County, Texas",353,175,80,54,44,175,71014,-,-,155781,-,-
1400000US48113014119,"Census Tract 141.19, Dallas County, Texas",1569,1278,34,197,132,1176,112672,113284,71316,110060,121458,113676
1400000US48113014120,"Census Tract 141.20, Dallas County, Texas",1738,1382,8,263,168,1266,144784,144050,-,150341,126105,144400
1400000US48113014121,"Census Tract 141.21, Dallas County, Texas",2572,1761,252,423,568,1279,77063,70037,43676,93424,62121,78173
1400000US48113014123,"Census Tract 141.23, Dallas County, Texas",1997,1422,14,511,151,1275,165313,144167,-,205481,210625,138393
1400000US48113014124,"Census Tract 141.24, Dallas County, Texas",1327,816,130,314,184,673,159330,148304,"250,000+",208750,150732,139276
1400000US48113014126,"Census Tract 141.26, Dallas County, Texas",2451,1790,39,536,341,1515,145573,142500,-,157500,79625,162560
1400000US48113014128,"Census Tract 141.28, Dallas County, Texas",1507,587,107,696,87,500,109861,102917,41289,113343,-,111071
1400000US48113014130,"Census Tract 141.30, Dallas County, Texas",1505,482,201,726,175,360,96219,95000,97892,97188,52837,96500
1400000US48113014132,"Census Tract 141.32, Dallas County, Texas",1025,324,376,274,76,268,71012,128750,-,123365,-,128750
1400000US48113014134,"Census Tract 141.34, Dallas County, Texas",1457,832,26,528,129,708,140495,122197,-,183357,84732,141207
1400000US48113014135,"Census Tract 141.35, Dallas County, Texas",1816,1208,221,355,183,1032,104239,98167,67625,170597,63542,114417
1400000US48113014138,"Census Tract 141.38, Dallas County, Texas",1732,755,210,735,178,601,100500,100462,81464,112813,86500,109542
1400000US48113014139,"Census Tract 141.39, Dallas County, Texas",1153,273,600,15,143,196,65669,61849,74655,-,73940,61250
1400000US48113014140,"Census Tract 141.40, Dallas County, Texas",1289,321,737,220,154,229,52222,49688,51810,62500,63346,-
1400000US48113014141,"Census Tract 141.41, Dallas County, Texas",991,481,244,188,161,368,80092,90452,49813,80000,67083,92447
1400000US48113014142,"Census Tract 141.42, Dallas County, Texas",944,584,217,113,178,418,52823,56600,19025,-,37500,76125
1400000US48113014143,"Census Tract 141.43, Dallas County, Texas",1632,828,120,589,113,790,121000,103250,176250,114042,150285,103250
1400000US48113014144,"Census Tract 141.44, Dallas County, Texas",2471,907,616,877,365,558,83731,87006,62000,84795,78029,107237
1400000US48113014145,"Census Tract 141.45, Dallas County, Texas",650,244,278,98,77,167,51642,51466,41818,57222,47383,51530
1400000US48113014146,"Census Tract 141.46, Dallas County, Texas",865,180,206,387,198,65,46799,54348,27031,51906,48750,-
1400000US48113014147,"Census Tract 141.47, Dallas County, Texas",915,216,532,44,133,191,43906,45918,44188,91923,40587,46556
1400000US48113014148,"Census Tract 141.48, Dallas County, Texas",1094,402,177,432,111,326,47763,35441,39926,137871,49375,32321
1400000US48113014149,"Census Tract 141.49, Dallas County, Texas",1808,348,339,1030,136,258,91839,69148,75352,118367,69375,61250
1400000US48113014150,"Census Tract 141.50, Dallas County, Texas",414,68,64,280,10,58,116250,76000,-,122093,-,76500
1400000US48113014151,"Census Tract 141.51, Dallas County, Texas",1347,321,174,731,68,259,106996,65893,110000,115236,50667,82750
1400000US48113014152,"Census Tract 141.52, Dallas County, Texas",1657,408,428,681,260,288,71761,62569,65111,82520,70156,67045
1400000US48113014153,"Census Tract 141.53, Dallas County, Texas",1309,606,186,32,728,363,44574,58875,56574,-,44644,42569
1400000US48113014154,"Census Tract 141.54, Dallas County, Texas",1014,336,184,298,317,182,76167,68438,60549,109160,72721,68333
1400000US48113014155,"Census Tract 141.55, Dallas County, Texas",2071,674,338,1026,177,501,88031,59415,51136,129538,59375,59226
1400000US48113014156,"Census Tract 141.56, Dallas County, Texas",1277,312,0,926,22,290,142118,121717,-,152054,-,121439
1400000US48113014157,"Census Tract 141.57, Dallas County, Texas",938,501,74,363,28,473,76321,82719,-,75902,-,83594
1400000US48113014158,"Census Tract 141.58, Dallas County, Texas",1138,334,505,127,224,206,44327,53750,49028,-,42849,80511
1400000US48113014159,"Census Tract 141.59, Dallas County, Texas",478,53,0,425,35,18,174762,-,-,173750,-,-
1400000US48113014160,"Census Tract 141.60, Dallas County, Texas",1082,253,421,339,117,151,66906,95945,65691,87179,95701,118650
1400000US48113014161,"Census Tract 141.61, Dallas County, Texas",1765,493,1115,112,305,247,49142,41173,55870,-,40142,51397
1400000US48113014203,"Census Tract 142.03, Dallas County, Texas",984,835,18,30,419,497,74630,74769,-,-,66964,88750
1400000US48113014204,"Census Tract 142.04, Dallas County, Texas",647,314,45,149,168,225,42813,47292,28063,-,47143,47708
1400000US48113014205,"Census Tract 142.05, Dallas County, Texas",636,494,8,116,89,412,137083,151818,-,-,119583,160938
1400000US48113014207,"Census Tract 142.07, Dallas County, Texas",946,575,209,103,106,484,87833,101125,120513,61775,81167,117563
1400000US48113014208,"Census Tract 142.08, Dallas County, Texas",1077,575,401,90,140,446,61756,71540,53308,-,62045,83889
1400000US48113014209,"Census Tract 142.09, Dallas County, Texas",1728,885,578,246,76,828,103957,103018,104750,103587,108750,92417
1400000US48113014306,"Census Tract 143.06, Dallas County, Texas",1786,1126,84,83,1152,454,63661,58750,-,39438,64878,59423
1400000US48113014308,"Census Tract 143.08, Dallas County, Texas",1460,898,239,67,888,254,46641,50364,57063,34792,41176,62026
1400000US48113014309,"Census Tract 143.09, Dallas County, Texas",1790,831,393,224,886,261,39825,46492,43591,32283,33673,52898
1400000US48113014310,"Census Tract 143.10, Dallas County, Texas",1805,891,487,182,414,664,62536,63107,71771,72714,55714,71667
1400000US48113014313,"Census Tract 143.13, Dallas County, Texas",966,438,182,316,142,326,87472,79096,85227,91898,60833,142656
1400000US48113014314,"Census Tract 143.14, Dallas County, Texas",998,581,144,225,110,471,80703,81953,36215,128542,69844,82266
1400000US48113014315,"Census Tract 143.15, Dallas County, Texas",813,481,153,12,415,236,61961,85099,60194,-,-,121500
1400000US48113014316,"Census Tract 143.16, Dallas County, Texas",1215,704,0,152,612,398,62031,61105,-,81016,57231,53917
1400000US48113014317,"Census Tract 143.17, Dallas County, Texas",888,611,168,36,324,335,68553,62394,68203,90667,67083,60875
1400000US48113014318,"Census Tract 143.18, Dallas County, Texas",790,617,110,28,278,378,83125,87813,43750,-,84063,88152
1400000US48113014319,"Census Tract 143.19, Dallas County, Texas",975,304,226,429,104,216,73958,48789,49669,91068,70305,48866
1400000US48113014320,"Census Tract 143.20, Dallas County, Texas",997,186,111,591,69,117,100830,62448,89602,104193,-,68996
1400000US48113014405,"Census Tract 144.05, Dallas County, Texas",1305,621,89,45,753,413,41513,44726,15750,-,42859,54792
1400000US48113014406,"Census Tract 144.06, Dallas County, Texas",1396,902,19,18,856,496,59015,63571,52841,-,50192,62500
1400000US48113014407,"Census Tract 144.07, Dallas County, Texas",1847,689,396,160,998,266,41480,45052,41250,81071,41620,39167
1400000US48113014408,"Census Tract 144.08, Dallas County, Texas",1471,495,274,160,655,357,68707,88902,74808,108750,46875,93237
1400000US48113014409,"Census Tract 144.09, Dallas County, Texas",1082,294,369,101,434,188,45084,45859,46568,59917,29167,60500
1400000US48113014410,"Census Tract 144.10, Dallas County, Texas",1010,481,292,89,323,303,43333,46094,57212,21016,33911,46339
1400000US48113014501,"Census Tract 145.01, Dallas County, Texas",1208,759,19,27,585,564,82242,94539,-,-,82423,88194
1400000US48113014502,"Census Tract 145.02, Dallas County, Texas",1346,797,37,32,988,273,56912,54375,-,-,56029,59821
1400000US48113014601,"Census Tract 146.01, Dallas County, Texas",586,388,61,5,327,184,53145,55893,-,-,47656,78333
1400000US48113014602,"Census Tract 146.02, Dallas County, Texas",1334,792,0,41,983,284,52864,49091,-,11985,54375,54444
1400000US48113014603,"Census Tract 146.03, Dallas County, Texas",492,351,13,5,382,87,51705,57417,-,-,55500,43281
1400000US48113014701,"Census Tract 147.01, Dallas County, Texas",1482,1030,84,44,997,302,44733,43333,63125,32667,44720,48269
1400000US48113014704,"Census Tract 147.04, Dallas County, Texas",1684,1106,18,51,1127,485,46447,47273,-,51369,40938,66042
1400000US48113014903,"Census Tract 149.03, Dallas County, Texas",1161,647,80,42,778,257,56856,66117,36548,99464,65438,53618
1400000US48113015001,"Census Tract 150.01, Dallas County, Texas",1394,787,30,0,960,397,65926,59471,-,-,55743,75417
1400000US48113015002,"Census Tract 150.02, Dallas County, Texas",755,404,60,74,375,212,68560,86190,-,61316,68298,85595
1400000US48113015101,"Census Tract 151.01, Dallas County, Texas",1112,475,32,78,536,418,66520,54345,-,-,74391,54405
1400000US48113015102,"Census Tract 151.02, Dallas County, Texas",741,459,58,46,479,158,42121,42344,-,195370,32173,75000
1400000US48113015202,"Census Tract 152.02, Dallas County, Texas",960,477,56,0,694,188,49000,53750,-,-,40926,94423
1400000US48113015205,"Census Tract 152.05, Dallas County, Texas",1044,636,56,0,797,191,38674,43750,42059,-,36926,57697
1400000US48113015206,"Census Tract 152.06, Dallas County, Texas",1303,811,86,51,631,518,63931,70850,-,-,61267,81923
1400000US48113015207,"Census Tract 152.07, Dallas County, Texas",1116,753,104,64,366,516,81798,89688,-,106071,82131,89167
1400000US48113015208,"Census Tract 152.08, Dallas County, Texas",1331,575,84,20,904,298,42358,52565,64091,-,41848,82788
1400000US48113015303,"Census Tract 153.03, Dallas County, Texas",434,300,0,0,258,154,50556,51250,-,-,61324,50833
1400000US48113015304,"Census Tract 153.04, Dallas County, Texas",1228,680,70,43,815,283,53966,56250,31548,95655,54150,57841
1400000US48113015305,"Census Tract 153.05, Dallas County, Texas",1241,761,181,53,468,539,67099,88036,52125,56080,47372,104698
1400000US48113015306,"Census Tract 153.06, Dallas County, Texas",1926,989,254,270,655,716,74531,69345,-,78750,84063,54932
1400000US48113015403,"Census Tract 154.03, Dallas County, Texas",1385,630,345,0,721,304,40019,62188,42146,-,31649,85577
1400000US48113015404,"Census Tract 154.04, Dallas County, Texas",1493,866,313,8,863,298,46131,35903,49093,-,39883,35395
1400000US48113015405,"Census Tract 154.05, Dallas County, Texas",1092,736,240,32,338,471,75227,84703,-,-,77102,84301
1400000US48113015406,"Census Tract 154.06, Dallas County, Texas",1542,1226,114,49,487,858,63641,59803,80238,-,59273,-
1400000US48113015500,"Census Tract 155, Dallas County, Texas",1286,910,154,55,460,603,69779,86724,-,-,60392,140118
1400000US48113015600,"Census Tract 156, Dallas County, Texas",1651,1191,50,0,1201,256,52933,44936,-,-,47313,49643
1400000US48113015700,"Census Tract 157, Dallas County, Texas",736,497,0,20,573,134,56731,50313,-,-,67750,34531
1400000US48113015900,"Census Tract 159, Dallas County, Texas",1343,867,130,37,700,379,29638,33884,16815,-,46094,27331
1400000US48113016001,"Census Tract 160.01, Dallas County, Texas",1350,927,92,0,919,287,37803,36792,33462,-,37863,40759
1400000US48113016002,"Census Tract 160.02, Dallas County, Texas",987,734,65,0,539,383,31580,29259,31979,-,34196,24629
1400000US48113016100,"Census Tract 161, Dallas County, Texas",1749,828,699,0,524,501,38125,45968,26188,-,48816,38125
1400000US48113016201,"Census Tract 162.01, Dallas County, Texas",1189,856,188,9,578,419,67630,65577,70536,-,68385,66010
1400000US48113016203,"Census Tract 162.03, Dallas County, Texas",903,752,133,18,487,265,35651,35441,-,-,38257,31369
1400000US48113016204,"Census Tract 162.04, Dallas County, Texas",1443,937,28,49,916,445,46430,49798,-,-,40476,61601
1400000US48113016301,"Census Tract 163.01, Dallas County, Texas",2146,1176,258,156,1351,364,62461,61942,84167,54643,62083,63466
1400000US48113016302,"Census Tract 163.02, Dallas County, Texas",570,395,13,5,485,67,42070,47974,-,-,41362,77679
1400000US48113016406,"Census Tract 164.06, Dallas County, Texas",1452,816,301,75,752,334,64118,58864,90604,-,71400,50179
1400000US48113016407,"Census Tract 164.07, Dallas County, Texas",2110,1234,311,30,1282,429,59527,59122,67278,-,58221,60417
1400000US48113016409,"Census Tract 164.09, Dallas County, Texas",1238,799,216,92,290,629,110139,113304,121250,111944,96230,125145
1400000US48113016410,"Census Tract 164.10, Dallas County, Texas",1731,822,651,143,328,603,76585,97903,56018,95947,73000,99556
1400000US48113016412,"Census Tract 164.12, Dallas County, Texas",1802,827,357,172,657,574,106917,102311,143938,112188,82768,93750
1400000US48113016414,"Census Tract 164.14, Dallas County, Texas",886,614,246,0,66,563,88594,102837,57107,-,86919,103063
1400000US48113016415,"Census Tract 164.15, Dallas County, Texas",1515,889,322,111,529,521,105923,106042,113457,-,141484,104063
1400000US48113016416,"Census Tract 164.16, Dallas County, Texas",947,366,393,94,227,139,58698,44074,70938,-,43750,67614
1400000US48113016417,"Census Tract 164.17, Dallas County, Texas",1777,1163,344,124,706,573,89083,81411,109778,61500,69767,94837
1400000US48113016418,"Census Tract 164.18, Dallas County, Texas",1594,541,649,100,476,321,70691,87535,68672,-,81406,80134
1400000US48113016419,"Census Tract 164.19, Dallas County, Texas",1456,818,308,206,622,374,70000,76154,59058,-,85244,75556
1400000US48113016420,"Census Tract 164.20, Dallas County, Texas",1064,718,95,35,499,433,100469,91932,-,-,105979,76611
1400000US48113016421,"Census Tract 164.21, Dallas County, Texas",1202,808,266,34,557,345,51774,66136,-,-,57279,58125
1400000US48113016511,"Census Tract 165.11, Dallas County, Texas",1524,346,965,21,280,250,63988,74444,54573,-,72333,112857
1400000US48113016513,"Census Tract 165.13, Dallas County, Texas",1928,967,731,39,337,769,115962,114732,118264,-,95288,118445
1400000US48113016516,"Census Tract 165.16, Dallas County, Texas",1940,1036,566,44,727,557,42896,51845,37344,-,44356,50789
1400000US48113016517,"Census Tract 165.17, Dallas County, Texas",1619,716,686,0,536,397,59523,60581,58648,-,56600,74821
1400000US48113016518,"Census Tract 165.18, Dallas County, Texas",1968,864,803,65,570,522,40897,55375,33365,39550,40833,57125
1400000US48113016519,"Census Tract 165.19, Dallas County, Texas",743,574,85,0,227,398,74688,76900,-,-,47314,84545
1400000US48113016521,"Census Tract 165.21, Dallas County, Texas",1886,614,1104,54,349,337,56591,68750,55932,"2,500-",60781,66688
1400000US48113016522,"Census Tract 165.22, Dallas County, Texas",1831,816,862,6,378,517,62112,85556,40965,-,85190,95469
1400000US48113016524,"Census Tract 165.24, Dallas County, Texas",935,602,231,68,98,504,87261,81739,-,100946,-,86630
1400000US48113016525,"Census Tract 165.25, Dallas County, Texas",674,261,308,76,49,212,126029,172917,127206,114655,225458,168333
1400000US48113016526,"Census Tract 165.26, Dallas County, Texas",1456,347,898,13,403,128,46830,81425,44599,-,73617,109667
1400000US48113016527,"Census Tract 165.27, Dallas County, Texas",1618,381,787,186,455,190,73920,83407,46881,26923,115287,73011
1400000US48113016528,"Census Tract 165.28, Dallas County, Texas",1871,558,989,52,443,387,60657,53529,62324,-,47126,54063
1400000US48113016529,"Census Tract 165.29, Dallas County, Texas",1114,314,545,57,291,235,71638,83889,-,59886,77205,86375
1400000US48113016530,"Census Tract 165.30, Dallas County, Texas",1243,669,419,46,368,424,67446,58472,77557,-,61131,60645
1400000US48113016531,"Census Tract 165.31, Dallas County, Texas",1024,460,448,15,339,222,76886,76754,75698,-,83554,76269
1400000US48113016532,"Census Tract 165.32, Dallas County, Texas",721,462,125,0,184,412,86773,76932,154955,-,85263,75909
1400000US48113016533,"Census Tract 165.33, Dallas County, Texas",1122,673,271,32,556,263,50401,50820,-,-,41382,-
1400000US48113016534,"Census Tract 165.34, Dallas County, Texas",906,452,321,51,445,89,50308,51708,31224,-,51979,-
1400000US48113016535,"Census Tract 165.35, Dallas County, Texas",1351,785,296,0,469,586,51804,56279,-,-,42023,60197
1400000US48113016536,"Census Tract 165.36, Dallas County, Texas",767,634,67,0,426,274,45360,44583,67950,-,43438,44250
1400000US48113016607,"Census Tract 166.07, Dallas County, Texas",1925,150,1720,9,148,34,25023,41357,22862,-,30938,42500
1400000US48113016610,"Census Tract 166.10, Dallas County, Texas",1775,187,1493,11,98,142,47906,70893,43821,-,71667,-
1400000US48113016615,"Census Tract 166.15, Dallas County, Texas",1271,379,810,48,209,198,83224,88352,74746,83864,87083,102917
1400000US48113016616,"Census Tract 166.16, Dallas County, Texas",1791,641,1016,34,393,301,72370,74358,63636,-,67420,84063
1400000US48113016617,"Census Tract 166.17, Dallas County, Texas",1543,422,988,29,110,356,98480,107391,90385,184583,106481,102222
1400000US48113016618,"Census Tract 166.18, Dallas County, Texas",1625,435,1082,5,163,287,64135,70662,62358,-,60039,73036
1400000US48113016619,"Census Tract 166.19, Dallas County, Texas",1323,304,1013,0,140,164,43292,60439,40707,-,61554,48269
1400000US48113016620,"Census Tract 166.20, Dallas County, Texas",1949,537,1220,46,203,439,96477,74583,105359,-,67545,77969
1400000US48113016621,"Census Tract 166.21, Dallas County, Texas",1952,415,1156,0,577,219,64205,50781,80625,-,36022,62356
1400000US48113016622,"Census Tract 166.22, Dallas County, Texas",1133,412,598,0,269,253,74926,60000,72647,-,77671,82250
1400000US48113016623,"Census Tract 166.23, Dallas County, Texas",2139,521,1345,10,379,359,84219,79896,96793,-,72212,80888
1400000US48113016624,"Census Tract 166.24, Dallas County, Texas",1104,216,845,0,35,197,64967,87083,63946,-,85208,105208
1400000US48113016626,"Census Tract 166.26, Dallas County, Texas",1517,554,786,15,350,268,53693,76071,50197,-,56859,88750
1400000US48113016627,"Census Tract 166.27, Dallas County, Texas",632,204,361,0,199,72,93214,97689,79771,-,98531,75625
1400000US48113016628,"Census Tract 166.28, Dallas County, Texas",1746,377,1157,0,211,287,64263,61042,80875,-,46388,61042
1400000US48113016629,"Census Tract 166.29, Dallas County, Texas",929,270,632,0,178,148,74927,60500,80441,-,44457,150714
1400000US48113016630,"Census Tract 166.30, Dallas County, Texas",1933,321,1481,0,256,175,98567,57264,100927,-,54574,73427
1400000US48113016631,"Census Tract 166.31, Dallas County, Texas",1586,135,1390,19,0,135,112936,74408,113509,-,-,74408
1400000US48113016632,"Census Tract 166.32, Dallas County, Texas",978,277,560,0,225,193,80638,83140,66477,-,-,64298
1400000US48113016633,"Census Tract 166.33, Dallas County, Texas",2162,223,1826,0,276,60,87745,89815,64944,-,89591,88750
1400000US48113016634,"Census Tract 166.34, Dallas County, Texas",1213,479,410,0,549,213,37052,22195,29902,-,61520,-
1400000US48113016635,"Census Tract 166.35, Dallas County, Texas",1614,58,1514,42,76,40,22334,-,22458,-,25291,-
1400000US48113016636,"Census Tract 166.36, Dallas County, Texas",1036,504,460,16,125,415,58500,94107,43140,-,94934,91536
1400000US48113016637,"Census Tract 166.37, Dallas County, Texas",987,255,698,0,196,93,57216,-,52727,-,55114,175908
1400000US48113016638,"Census Tract 166.38, Dallas County, Texas",849,180,630,0,103,77,58125,68143,55602,-,59679,95125
1400000US48113016704,"Census Tract 167.04, Dallas County, Texas",1541,368,991,12,163,237,58048,49135,56164,-,43250,57975
1400000US48113016706,"Census Tract 167.06, Dallas County, Texas",854,144,641,0,137,52,35784,-,36936,-,-,-
1400000US48113016707,"Census Tract 167.07, Dallas County, Texas",1900,222,1606,0,71,189,51312,74773,50841,-,-,74523
1400000US48113016708,"Census Tract 167.08, Dallas County, Texas",1863,208,1601,37,174,71,100138,45286,100569,-,-,-
1400000US48113016709,"Census Tract 167.09, Dallas County, Texas",1263,362,838,3,259,163,24688,31500,23542,-,21723,46855
1400000US48113016710,"Census Tract 167.10, Dallas County, Texas",1666,193,1207,0,270,39,40316,85128,31549,-,85455,-
1400000US48113016711,"Census Tract 167.11, Dallas County, Texas",817,150,603,0,216,15,34250,50036,30827,-,48644,-
1400000US48113016802,"Census Tract 168.02, Dallas County, Texas",1387,546,836,0,275,271,75875,71900,77935,-,70750,81198
1400000US48113016803,"Census Tract 168.03, Dallas County, Texas",2064,679,1224,9,190,580,42852,38217,47533,-,31875,39559
1400000US48113016805,"Census Tract 168.05, Dallas County, Texas",1632,191,1389,25,39,152,72679,73359,69961,-,-,80750
1400000US48113016806,"Census Tract 168.06, Dallas County, Texas",1631,128,1429,0,152,50,78310,85714,79304,-,43472,-
1400000US48113016902,"Census Tract 169.02, Dallas County, Texas",997,456,487,0,335,175,33977,43696,26382,-,43424,53150
1400000US48113016903,"Census Tract 169.03, Dallas County, Texas",1983,1029,762,8,599,599,55173,57240,56008,-,44132,62974
1400000US48113017005,"Census Tract 170.05, Dallas County, Texas",1232,952,118,0,687,427,57764,51118,58614,-,47386,59156
1400000US48113017006,"Census Tract 170.06, Dallas County, Texas",1166,1003,70,0,339,756,54400,52279,23750,-,76024,50980
1400000US48113017007,"Census Tract 170.07, Dallas County, Texas",1542,1073,195,12,833,487,50164,50430,13828,-,53631,46596
1400000US48113017008,"Census Tract 170.08, Dallas County, Texas",1881,1159,472,0,504,769,70306,59403,88105,-,31582,74041
1400000US48113017009,"Census Tract 170.09, Dallas County, Texas",1297,1159,0,0,980,317,32527,32527,-,-,33564,31563
1400000US48113017010,"Census Tract 170.10, Dallas County, Texas",1446,944,285,0,824,337,62516,53940,73267,-,63102,53173
1400000US48113017101,"Census Tract 171.01, Dallas County, Texas",1967,1069,395,54,1078,453,44722,48380,60822,-,43777,52644
1400000US48113017102,"Census Tract 171.02, Dallas County, Texas",1829,1133,445,6,1095,301,54554,47008,66134,-,51932,46139
1400000US48113017201,"Census Tract 172.01, Dallas County, Texas",1486,981,274,9,806,407,47627,45859,50679,-,43854,41042
1400000US48113017203,"Census Tract 172.03, Dallas County, Texas",1613,936,629,11,531,442,51412,44438,106813,-,32788,51250
1400000US48113017204,"Census Tract 172.04, Dallas County, Texas",1059,630,332,0,557,160,49718,62024,36182,-,61607,49435
1400000US48113017307,"Census Tract 173.07, Dallas County, Texas",1054,585,303,120,292,307,104762,109914,79406,71250,108973,137917
1400000US48113017308,"Census Tract 173.08, Dallas County, Texas",1399,789,552,58,325,464,83701,97417,56632,120761,101008,76923
1400000US48113017309,"Census Tract 173.09, Dallas County, Texas",824,546,208,15,350,251,84359,88904,-,-,89384,66250
1400000US48113017310,"Census Tract 173.10, Dallas County, Texas",1093,607,428,0,217,443,84682,100341,82618,-,101780,98893
1400000US48113017311,"Census Tract 173.11, Dallas County, Texas",1065,707,243,29,284,492,64012,50683,100279,-,61968,46912
1400000US48113017312,"Census Tract 173.12, Dallas County, Texas",1329,950,298,43,292,679,66528,67222,57250,149875,81378,66156
1400000US48113017313,"Census Tract 173.13, Dallas County, Texas",977,355,512,58,168,218,102202,120547,82788,-,88145,121652
1400000US48113017314,"Census Tract 173.14, Dallas County, Texas",2298,1143,570,25,979,628,81146,67163,89615,153542,80511,82404
1400000US48113017315,"Census Tract 173.15, Dallas County, Texas",1652,870,545,0,662,467,59609,52787,59727,-,53141,70298
1400000US48113017400,"Census Tract 174, Dallas County, Texas",1674,1232,274,13,542,817,57727,54388,73365,-,54632,58125
1400000US48113017500,"Census Tract 175, Dallas County, Texas",1265,1029,189,31,267,770,78563,79646,76118,56319,68844,85833
1400000US48113017602,"Census Tract 176.02, Dallas County, Texas",1156,657,325,0,495,293,52885,42750,66345,-,32008,59464
1400000US48113017604,"Census Tract 176.04, Dallas County, Texas",893,509,168,0,407,294,47188,46271,32188,-,53789,45398
1400000US48113017605,"Census Tract 176.05, Dallas County, Texas",1119,546,418,0,637,39,47235,41250,51500,-,40781,-
1400000US48113017606,"Census Tract 176.06, Dallas County, Texas",1389,953,271,24,750,324,46221,43018,61991,-,45346,34435
1400000US48113017703,"Census Tract 177.03, Dallas County, Texas",1865,726,722,71,577,449,38002,54682,19772,-,63233,55050
1400000US48113017704,"Census Tract 177.04, Dallas County, Texas",1983,1253,562,41,705,635,50471,51738,41523,39153,50691,53646
1400000US48113017705,"Census Tract 177.05, Dallas County, Texas",1318,534,450,110,388,332,37041,28039,77194,-,-,28039
1400000US48113017706,"Census Tract 177.06, Dallas County, Texas",1602,1108,349,35,398,801,66985,64231,86476,-,51483,77580
1400000US48113017805,"Census Tract 178.05, Dallas County, Texas",1792,1161,528,0,697,567,48676,55981,31277,-,56131,65804
1400000US48113017806,"Census Tract 178.06, Dallas County, Texas",1535,933,304,0,857,367,48359,49306,50600,-,45188,50156
1400000US48113017808,"Census Tract 178.08, Dallas County, Texas",1468,1037,185,109,459,682,72330,73869,-,60813,74356,74881
1400000US48113017811,"Census Tract 178.11, Dallas County, Texas",1638,1190,255,126,239,996,72241,76094,69570,-,57989,84559
1400000US48113017812,"Census Tract 178.12, Dallas County, Texas",747,550,130,33,132,444,65778,67264,15714,109844,96667,65377
1400000US48113017814,"Census Tract 178.14, Dallas County, Texas",1670,947,336,272,314,720,78711,80063,68571,71618,82279,78611
1400000US48113017815,"Census Tract 178.15, Dallas County, Texas",990,369,299,37,294,314,32483,79479,-,-,31157,78125
1400000US48113017816,"Census Tract 178.16, Dallas County, Texas",1415,885,228,0,819,362,60625,48906,-,-,62719,42577
1400000US48113017817,"Census Tract 178.17, Dallas County, Texas",1261,592,528,40,274,380,56004,60885,53276,-,50156,90153
1400000US48113017818,"Census Tract 178.18, Dallas County, Texas",1212,691,340,77,397,389,61206,66149,61031,49313,53964,66714
1400000US48113017819,"Census Tract 178.19, Dallas County, Texas",1113,434,458,27,296,208,42780,34779,48482,-,34412,45172
1400000US48113017820,"Census Tract 178.20, Dallas County, Texas",1300,813,297,0,594,409,90109,85733,150471,-,61827,142448
1400000US48113017900,"Census Tract 179, Dallas County, Texas",1366,892,254,30,673,407,54130,59063,36720,-,61370,50647
1400000US48113018001,"Census Tract 180.01, Dallas County, Texas",2208,1546,429,16,774,955,51875,51667,55324,-,41657,70781
1400000US48113018002,"Census Tract 180.02, Dallas County, Texas",1007,680,155,9,454,363,56292,50357,85440,-,54886,41806
1400000US48113018105,"Census Tract 181.05, Dallas County, Texas",1589,1010,191,25,1023,332,62852,69186,60129,-,62458,71413
1400000US48113018110,"Census Tract 181.10, Dallas County, Texas",2152,1725,123,152,121,1684,79688,83467,133162,50000,79229,83443
1400000US48113018111,"Census Tract 181.11, Dallas County, Texas",1963,1112,453,13,693,801,73246,80352,70077,-,66162,95308
1400000US48113018120,"Census Tract 181.20, Dallas County, Texas",1554,815,293,308,407,493,83564,86779,114671,41835,78125,97679
1400000US48113018121,"Census Tract 181.21, Dallas County, Texas",1480,994,177,110,630,524,57105,52561,58942,80000,53681,59565
1400000US48113018126,"Census Tract 181.26, Dallas County, Texas",2173,1613,412,0,732,972,80582,82399,-,-,63300,82500
1400000US48113018127,"Census Tract 181.27, Dallas County, Texas",829,607,138,26,334,304,60590,51576,86250,-,55500,48750
1400000US48113018128,"Census Tract 181.28, Dallas County, Texas",1873,971,550,63,760,438,53125,53545,-,-,55000,51579
1400000US48113018129,"Census Tract 181.29, Dallas County, Texas",1745,1154,227,9,527,954,58964,71778,76298,-,54464,64286
1400000US48113018130,"Census Tract 181.30, Dallas County, Texas",1709,708,801,13,376,508,39482,37016,42825,-,42891,33750
1400000US48113018132,"Census Tract 181.32, Dallas County, Texas",1890,984,340,132,471,792,74138,79188,-,71591,63173,78313
1400000US48113018133,"Census Tract 181.33, Dallas County, Texas",1329,896,232,63,227,761,89552,91716,87993,61921,95777,91675
1400000US48113018134,"Census Tract 181.34, Dallas County, Texas",1943,1520,269,45,297,1334,90225,91066,86287,132250,93164,89167
1400000US48113018135,"Census Tract 181.35, Dallas County, Texas",1544,1200,101,78,255,986,76080,69762,-,101250,86917,69256
1400000US48113018137,"Census Tract 181.37, Dallas County, Texas",1452,810,293,110,257,741,64091,-,-,63672,-,-
1400000US48113018138,"Census Tract 181.38, Dallas County, Texas",1899,857,672,148,285,722,39199,37917,30714,64375,41601,46607
1400000US48113018140,"Census Tract 181.40, Dallas County, Texas",2103,1384,376,156,555,976,105213,103243,133088,126500,103345,104815
1400000US48113018141,"Census Tract 181.41, Dallas County, Texas",1609,1026,399,4,229,843,45052,45985,36719,-,46076,46250
1400000US48113018142,"Census Tract 181.42, Dallas County, Texas",1187,706,212,176,214,553,81858,83571,98654,73125,73452,84554
1400000US48113018143,"Census Tract 181.43, Dallas County, Texas",2007,1354,374,181,244,1139,120809,112212,155880,116727,-,129028
1400000US48113018144,"Census Tract 181.44, Dallas County, Texas",1300,907,205,116,313,648,123415,128351,-,89839,127786,128333
1400000US48113018145,"Census Tract 181.45, Dallas County, Texas",1599,1426,66,51,228,1254,124592,126786,91136,-,-,127756
1400000US48113018146,"Census Tract 181.46, Dallas County, Texas",1235,888,197,132,74,814,123188,109926,157973,158571,-,108566
1400000US48113018147,"Census Tract 181.47, Dallas County, Texas",1422,529,182,180,580,405,125498,90313,119821,-,126077,59417
1400000US48113018148,"Census Tract 181.48, Dallas County, Texas",1439,731,502,197,411,320,61850,64188,42800,148105,-,79194
1400000US48113018149,"Census Tract 181.49, Dallas County, Texas",1233,820,323,60,39,802,126411,147527,-,-,-,147769
1400000US48113018150,"Census Tract 181.50, Dallas County, Texas",1429,982,241,123,458,607,103305,93165,152878,92694,70140,108715
1400000US48113018151,"Census Tract 181.51, Dallas County, Texas",967,489,164,128,236,412,92792,92983,123148,160294,-,88125
1400000US48113018152,"Census Tract 181.52, Dallas County, Texas",2019,1450,260,241,501,989,71113,70531,70616,77545,62006,71309
1400000US48113018153,"Census Tract 181.53, Dallas County, Texas",2451,1465,117,812,264,1201,111849,111622,-,-,-,111808
1400000US48113018154,"Census Tract 181.54, Dallas County, Texas",1984,1437,235,153,548,1000,87143,91386,56749,-,-,123615
1400000US48113018155,"Census Tract 181.55, Dallas County, Texas",1416,1029,144,162,111,939,105126,102008,100625,190346,-,105809
1400000US48113018156,"Census Tract 181.56, Dallas County, Texas",2074,1061,471,169,228,959,99948,110509,70739,-,84176,110073
1400000US48113018157,"Census Tract 181.57, Dallas County, Texas",1348,735,300,172,156,601,75714,105750,-,52813,103523,110325
1400000US48113018158,"Census Tract 181.58, Dallas County, Texas",1387,661,482,20,294,581,103257,122404,40556,-,115000,111696
1400000US48113018159,"Census Tract 181.59, Dallas County, Texas",1228,865,93,197,87,800,135742,135605,124331,157375,-,135391
1400000US48113018203,"Census Tract 182.03, Dallas County, Texas",1742,827,388,252,806,271,68289,67599,82000,61696,55944,95393
1400000US48113018204,"Census Tract 182.04, Dallas County, Texas",1248,720,139,19,1047,43,57684,55441,55417,-,59145,-
1400000US48113018205,"Census Tract 182.05, Dallas County, Texas",1256,750,254,67,596,299,51105,48000,41688,71853,47000,51856
1400000US48113018206,"Census Tract 182.06, Dallas County, Texas",1109,729,169,0,716,219,44950,50170,42150,-,50329,-
1400000US48113018300,"Census Tract 183, Dallas County, Texas",2101,1670,63,49,1235,769,56875,53125,98634,-,46161,64677
1400000US48113018401,"Census Tract 184.01, Dallas County, Texas",1472,1085,132,51,641,648,58846,64261,-,-,37452,89167
1400000US48113018402,"Census Tract 184.02, Dallas County, Texas",1327,1073,65,32,449,773,74219,78405,-,-,68051,79095
1400000US48113018403,"Census Tract 184.03, Dallas County, Texas",580,276,186,0,239,131,43977,43152,50833,-,38229,44063
1400000US48113018501,"Census Tract 185.01, Dallas County, Texas",1271,926,70,36,740,404,55573,66829,37241,-,69239,47692
1400000US48113018505,"Census Tract 185.05, Dallas County, Texas",1814,506,1112,20,413,239,32019,33194,29873,-,32153,-
1400000US48113018506,"Census Tract 185.06, Dallas County, Texas",1503,341,1045,51,152,224,34149,36875,34289,-,46453,31711
1400000US48113018507,"Census Tract 185.07, Dallas County, Texas",2154,460,1478,44,339,250,40679,48393,37132,-,41961,49038
1400000US48113018508,"Census Tract 185.08, Dallas County, Texas",760,322,371,11,252,224,55742,56620,56233,-,-,62879
1400000US48113018600,"Census Tract 186, Dallas County, Texas",1342,1088,97,0,471,774,66477,64549,-,-,75750,64375
1400000US48113018700,"Census Tract 187, Dallas County, Texas",1930,1413,142,0,1214,538,41848,38789,45833,-,56146,30078
1400000US48113018801,"Census Tract 188.01, Dallas County, Texas",1397,903,168,67,740,399,56401,62098,55581,75966,53361,68839
1400000US48113018802,"Census Tract 188.02, Dallas County, Texas",643,505,89,40,188,346,46377,47182,37109,-,46864,44643
1400000US48113018900,"Census Tract 189, Dallas County, Texas",1751,1098,206,343,563,620,53047,55266,51300,42250,58125,54318
1400000US48113019013,"Census Tract 190.13, Dallas County, Texas",1468,852,250,161,922,93,31005,33506,26375,-,36800,24417
1400000US48113019016,"Census Tract 190.16, Dallas County, Texas",1157,565,355,197,186,415,52917,55673,43413,32888,47917,63878
1400000US48113019018,"Census Tract 190.18, Dallas County, Texas",2125,705,682,586,306,511,52695,56844,31733,62949,49528,78681
1400000US48113019019,"Census Tract 190.19, Dallas County, Texas",2574,891,1296,247,506,489,32995,34813,31826,-,28810,56506
1400000US48113019020,"Census Tract 190.20, Dallas County, Texas",2400,1181,460,366,586,942,50709,71467,-,41806,41508,85409
1400000US48113019023,"Census Tract 190.23, Dallas County, Texas",2213,1662,92,276,188,1474,102030,104444,34242,101658,76875,110833
1400000US48113019024,"Census Tract 190.24, Dallas County, Texas",1514,1008,210,275,262,755,83221,98558,62907,43068,142659,94583
1400000US48113019025,"Census Tract 190.25, Dallas County, Texas",1428,938,147,240,238,743,87045,94670,75307,66563,106316,94676
1400000US48113019026,"Census Tract 190.26, Dallas County, Texas",1937,1256,181,371,230,1082,62969,79276,33133,54331,84500,78882
1400000US48113019027,"Census Tract 190.27, Dallas County, Texas",2434,1051,431,739,248,883,61992,73516,47743,53767,56333,79375
1400000US48113019028,"Census Tract 190.28, Dallas County, Texas",1045,560,184,240,211,373,62050,90156,49231,47273,100250,80197
1400000US48113019029,"Census Tract 190.29, Dallas County, Texas",1986,941,342,485,411,689,63608,71066,53900,50433,72078,63867
1400000US48113019031,"Census Tract 190.31, Dallas County, Texas",1949,1524,70,252,331,1238,83150,84500,-,-,52557,90750
1400000US48113019032,"Census Tract 190.32, Dallas County, Texas",1046,657,60,158,558,250,64531,64922,-,50815,70761,46800
1400000US48113019033,"Census Tract 190.33, Dallas County, Texas",1170,852,51,138,702,279,52846,61014,-,31000,49815,61431
1400000US48113019034,"Census Tract 190.34, Dallas County, Texas",1926,671,923,250,294,417,34792,49071,29648,-,46474,62813
1400000US48113019035,"Census Tract 190.35, Dallas County, Texas",2382,764,1242,149,658,327,36433,43250,36938,22250,32172,54135
1400000US48113019036,"Census Tract 190.36, Dallas County, Texas",1100,995,10,81,46,949,114803,111513,-,161891,91250,112730
1400000US48113019037,"Census Tract 190.37, Dallas County, Texas",1209,944,96,138,103,850,96495,96310,114138,91250,146086,92024
1400000US48113019039,"Census Tract 190.39, Dallas County, Texas",2342,1703,268,230,571,1246,77394,80850,-,-,36394,96964
1400000US48113019040,"Census Tract 190.40, Dallas County, Texas",3094,1006,1414,482,120,903,71551,64412,60633,118429,113750,48507
1400000US48113019041,"Census Tract 190.41, Dallas County, Texas",1102,770,165,133,51,729,87143,106833,57067,57083,80875,107893
1400000US48113019042,"Census Tract 190.42, Dallas County, Texas",2217,1420,416,328,282,1179,77891,75385,74231,84032,60000,89391
1400000US48113019044,"Census Tract 190.44, Dallas County, Texas",1059,682,43,181,403,409,63068,73500,35188,63068,67188,73893
1400000US48113019045,"Census Tract 190.45, Dallas County, Texas",917,368,292,182,134,271,48076,121000,48914,43415,-,-
1400000US48113019046,"Census Tract 190.46, Dallas County, Texas",896,451,118,206,296,261,71250,66592,79643,44531,82432,53661
1400000US48113019047,"Census Tract 190.47, Dallas County, Texas",1221,847,101,273,438,409,54149,53099,145430,58523,80259,39409
1400000US48113019048,"Census Tract 190.48, Dallas County, Texas",1252,863,68,49,573,547,82734,80216,-,33011,97438,76932
1400000US48113019049,"Census Tract 190.49, Dallas County, Texas",1208,717,207,127,321,520,51084,51471,-,20759,75313,50183
1400000US48113019050,"Census Tract 190.50, Dallas County, Texas",1134,865,159,110,75,790,148690,164821,-,-,150938,172500
1400000US48113019051,"Census Tract 190.51, Dallas County, Texas",1724,1379,159,131,149,1243,120278,113697,128114,195036,87202,118348
1400000US48113019052,"Census Tract 190.52, Dallas County, Texas",337,203,44,40,69,170,74306,61806,-,76346,82396,57199
1400000US48113019053,"Census Tract 190.53, Dallas County, Texas",772,438,195,92,82,385,80735,80000,72066,108077,33558,83403
1400000US48113019101,"Census Tract 191.01, Dallas County, Texas",701,345,175,140,31,314,68355,57014,57850,92151,-,60500
1400000US48113019102,"Census Tract 191.02, Dallas County, Texas",1828,1278,116,299,258,1132,83125,99113,-,54769,49205,102195
1400000US48113019202,"Census Tract 192.02, Dallas County, Texas",2078,1469,371,58,464,1156,59202,75417,49375,50114,56855,82396
1400000US48113019203,"Census Tract 192.03, Dallas County, Texas",1679,1597,7,28,135,1480,111078,115233,-,-,56023,116864
1400000US48113019205,"Census Tract 192.05, Dallas County, Texas",1727,1402,205,110,31,1381,117418,115489,145888,-,-,116060
1400000US48113019208,"Census Tract 192.08, Dallas County, Texas",2227,681,476,97,1058,514,43954,39952,-,51806,42809,46471
1400000US48113019210,"Census Tract 192.10, Dallas County, Texas",1725,1641,20,64,59,1582,131797,124969,-,"250,000+",-,127500
1400000US48113019211,"Census Tract 192.11, Dallas County, Texas",2406,1944,234,136,327,1680,58022,58155,-,84118,78359,58146
1400000US48113019212,"Census Tract 192.12, Dallas County, Texas",1087,113,169,0,903,15,34269,50724,-,-,34489,-
1400000US48113019213,"Census Tract 192.13, Dallas County, Texas",1546,472,467,50,611,410,28993,24423,22140,-,44016,23400
1400000US48113019214,"Census Tract 192.14, Dallas County, Texas",1514,848,160,29,984,285,69750,70044,71302,-,50801,75836
1400000US48113019215,"Census Tract 192.15, Dallas County, Texas",996,971,0,13,71,900,100962,100913,-,-,-,101058
1400000US48113019216,"Census Tract 192.16, Dallas County, Texas",1723,1424,52,100,173,1307,62321,52895,-,80227,90993,51875
1400000US48113019301,"Census Tract 193.01, Dallas County, Texas",1019,956,0,32,15,950,"250,000+","250,000+",-,"250,000+",-,"250,000+"
1400000US48113019302,"Census Tract 193.02, Dallas County, Texas",955,851,29,62,61,798,186635,243393,-,-,-,"250,000+"
1400000US48113019400,"Census Tract 194, Dallas County, Texas",1614,1333,0,149,72,1308,184031,183578,-,"250,000+",-,183969
1400000US48113019501,"Census Tract 195.01, Dallas County, Texas",2378,2282,0,65,29,2253,"250,000+","250,000+",-,164150,-,"250,000+"
1400000US48113019502,"Census Tract 195.02, Dallas County, Texas",1627,1577,0,39,54,1523,"250,000+","250,000+",-,"250,000+",-,239408
1400000US48113019600,"Census Tract 196, Dallas County, Texas",867,800,0,47,21,779,179125,175000,-,"250,000+",-,178875
1400000US48113019700,"Census Tract 197, Dallas County, Texas",647,591,0,35,21,591,"250,000+","250,000+",-,"250,000+",-,"250,000+"
1400000US48113019800,"Census Tract 198, Dallas County, Texas",1884,1794,9,81,60,1734,210408,211582,-,-,121354,217554
1400000US48113019900,"Census Tract 199, Dallas County, Texas",1160,891,44,0,938,178,58137,56845,-,-,59510,44808
1400000US48113020000,"Census Tract 200, Dallas County, Texas",1756,849,179,671,100,758,139787,132917,83750,184322,93913,134545
1400000US48113020100,"Census Tract 201, Dallas County, Texas",735,555,47,20,427,236,47813,51645,28992,-,48906,60577
1400000US48113020200,"Census Tract 202, Dallas County, Texas",1587,122,1454,0,94,39,25893,-,24452,-,42750,-
1400000US48113020300,"Census Tract 203, Dallas County, Texas",1098,236,844,9,122,136,25052,32500,22788,-,39500,-
1400000US48113020401,"Census Tract 204.01, Dallas County, Texas",1032,869,89,32,150,761,54200,54650,-,-,39932,58250
1400000US48113020402,"Census Tract 204.02, Dallas County, Texas",2552,1888,460,34,434,1513,83946,85875,-,-,-,84474
1400000US48113020500,"Census Tract 205, Dallas County, Texas",2086,501,1272,176,521,122,19150,48125,18000,-,28688,-
1400000US48113020600,"Census Tract 206, Dallas County, Texas",856,783,0,47,7,776,"250,000+","250,000+",-,"250,000+",-,"250,000+"
1400000US48113020700,"Census Tract 207, Dallas County, Texas",2547,2204,119,145,387,1879,77612,77902,-,169013,50968,85583
1400000US48113020800,"Census Tract 208, Dallas County, Texas",2521,303,2143,0,327,31,27522,26382,27276,-,-,-
1400000US48113020900,"Census Tract 209, Dallas County, Texas",1011,194,788,0,84,136,32102,65938,25156,-,75288,65156
1400000US48113021000,"Census Tract 210, Dallas County, Texas",1866,569,1124,0,688,64,30452,40625,24630,-,37386,-
1400000US48113021100,"Census Tract 211, Dallas County, Texas",1793,314,1448,0,321,24,-,38068,-,-,37898,-
1400000US48113021200,"Census Tract 212, Dallas County, Texas",1486,1004,133,15,1125,209,47065,47744,37422,-,47292,52270
1400000US48113980000,"Census Tract 9800, Dallas County, Texas",0,0,0,0,0,0,-,-,-,-,-,-
1400000US48113980100,"Census Tract 9801, Dallas County, Texas",0,0,0,0,0,0,-,-,-,-,-,-
1400000US48113980200,"Census Tract 9802, Dallas County, Texas",807,247,71,322,54,193,6935,8293,-,-,-,7014
1600000US4819000,"Dallas city, Texas",524498,303590,141588,20695,158263,193863,54747,66302,37599,72266,48338,84256
